Parameter,Value
A,0.00043317337645117174
n,-0.3730176660623743
E,9941.193334102074
Teq,793.206386017644
k,0.08264999967378212
w,-6.953404293860333
C0,3584.163456411635
xf,0.6585855746091162
